{"cameraMode":{"drawMode":0,"name":"Shaded","section":"Shading Mode"},"sceneLighting":true,"audioPlay":false,"sceneViewState":{"showFog":true,"showMaterialUpdate":true,"showSkybox":true,"showFlares":true,"showImageEffects":true,"showParticleSystems":true},"in2DMode":false,"pivot":{"x":-2.2456679344177248,"y":-0.7322089672088623,"z":1.0375587940216065},"rotation":{"x":0.13302616775035859,"y":-0.6946816444396973,"z":0.1331036388874054,"w":0.6942772269248962},"size":4.142515182495117,"orthographic":false}